domain,sector,state,institution_name
cuap.ac.in,edu,Andhra Pradesh,Central University of Andhra Pradesh
nitandhra.ac.in,edu,Andhra Pradesh,NIT Andhra Pradesh
www.aiimsmangalagiri.edu.in,edu,Andhra Pradesh,AIIMS Mangalagiri
www.ctuap.ac.in,edu,Andhra Pradesh,Central Tribal University of Andhra Pradesh
www.iiitk.ac.in,edu,Andhra Pradesh,IIITDM Kurnool
www.iiits.ac.in,edu,Andhra Pradesh,IIIT Sri City
www.iittp.ac.in,edu,Andhra Pradesh,IIT Tirupati
www.nsktu.ac.in,edu,Andhra Pradesh,National Sanskrit University
www.nitap.ac.in,edu,Arunachal Pradesh,NIT Arunachal Pradesh
www.rgu.ac.in,edu,Arunachal Pradesh,Rajiv Gandhi University
aiimsguwahati.ac.in,edu,Assam,AIIMS Guwahati
www.aus.ac.in,edu,Assam,Assam University
www.iiitg.ac.in,edu,Assam,IIIT Guwahati
www.iitg.ac.in,edu,Assam,IIT Guwahati
www.nits.ac.in,edu,Assam,NIT Silchar
aiimspatna.edu.in,edu,Bihar,AIIMS Patna
cusb.ac.in,edu,Bihar,Central University of South Bihar
nalandauniv.edu.in,edu,Bihar,Nalanda University
www.iiitbh.ac.in,edu,Bihar,IIIT Bhagalpur
www.iitp.ac.in,edu,Bihar,IIT Patna
www.mgcub.ac.in,edu,Bihar,Mahatma Gandhi Central University
www.nitp.ac.in,edu,Bihar,NIT Patna
www.rpcau.ac.in,edu,Bihar,Dr. Rajendra Prasad Central Agriculture University
www.aiimsraipur.edu.in,edu,Chhattisgarh,AIIMS Raipur
www.ggu.ac.in,edu,Chhattisgarh,Guru Ghasidas Vishwavidyalaya
www.iitbhilai.ac.in,edu,Chhattisgarh,IIT Bhilai
www.nitrr.ac.in,edu,Chhattisgarh,NIT Raipur
home.iitd.ac.in,edu,Delhi,IIT Delhi
jmi.ac.in,edu,Delhi,Jamia Millia Islamia
nitdelhi.ac.in,edu,Delhi,NIT Delhi
www.du.ac.in,edu,Delhi,University of Delhi
www.ignou.ac.in,edu,Delhi,Indira Gandhi National Open University
www.jnu.ac.in,edu,Delhi,Jawaharlal Nehru University
www.slbsrsv.ac.in,edu,Delhi,Shri Lal Bahadur Shastri National Sanskrit University
iitgoa.ac.in,edu,Goa,IIT Goa
www.nitgoa.ac.in,edu,Goa,NIT Goa
gsv.ac.in,edu,Gujarat,Gati Shakti Vishwavidyalaya
iiitsurat.ac.in,edu,Gujarat,IIIT Surat
www.aiimsrajkot.edu.in,edu,Gujarat,AIIMS Rajkot
www.cug.ac.in,edu,Gujarat,Central University of Gujarat
www.iiitvadodara.ac.in,edu,Gujarat,IIIT Vadodara
www.iitgn.ac.in,edu,Gujarat,IIT Gandhinagar
www.svnit.ac.in,edu,Gujarat,NIT Surat
aiimsrewari.edu.in,edu,Haryana,AIIMS Rewari
nitkkr.ac.in,edu,Haryana,NIT Kurukshetra
www.cuh.ac.in,edu,Haryana,Central University of Haryana
www.iiitsonepat.ac.in,edu,Haryana,IIIT Sonipat
cuhimachal.ac.in,edu,Himachal Pradesh,Central University of Himachal Pradesh
nith.ac.in,edu,Himachal Pradesh,NIT Hamirpur
www.aiimsbilaspur.edu.in,edu,Himachal Pradesh,AIIMS Bilaspur
www.iiitu.ac.in,edu,Himachal Pradesh,IIIT Una
www.iitmandi.ac.in,edu,Himachal Pradesh,IIT Mandi
aiimsawantipora.edu.in,edu,Jammu and Kashmir,AIIMS Awantipora
nitsri.ac.in,edu,Jammu and Kashmir,NIT Srinagar
www.aiimsjammu.edu.in,edu,Jammu and Kashmir,AIIMS Jammu
www.cujammu.ac.in,edu,Jammu and Kashmir,Central University of Jammu
www.cukashmir.ac.in,edu,Jammu and Kashmir,Central University of Kashmir
www.iitjammu.ac.in,edu,Jammu and Kashmir,IIT Jammu
aiimsdeoghar.edu.in,edu,Jharkhand,AIIMS Deoghar
www.cuj.ac.in,edu,Jharkhand,Central University of Jharkhand
www.iiitranchi.ac.in,edu,Jharkhand,IIIT Ranchi
www.iitism.ac.in,edu,Jharkhand,IIT (ISM) Dhanbad
www.nitjsr.ac.in,edu,Jharkhand,NIT Jamshedpur
iiitdwd.ac.in,edu,Karnataka,IIIT Dharwad
www.cuk.ac.in,edu,Karnataka,Central University of Karnataka
www.iiitr.ac.in,edu,Karnataka,IIIT Raichur
www.iitdh.ac.in,edu,Karnataka,IIT Dharwad
www.nitk.ac.in,edu,Karnataka,NIT Karnataka
iitpkd.ac.in,edu,Kerala,IIT Palakkad
www.cukerala.ac.in,edu,Kerala,Central University of Kerala
www.iiitkottayam.ac.in,edu,Kerala,IIIT Kottayam
www.nitc.ac.in,edu,Kerala,NIT Calicut
sindhucu.ac.in,edu,Ladakh,Sindhu Central University
iiitbhopal.ac.in,edu,Madhya Pradesh,IIIT Bhopal
www.aiimsbhopal.edu.in,edu,Madhya Pradesh,AIIMS Bhopal
www.dhsgsu.edu.in,edu,Madhya Pradesh,Dr. Hari Singh Gour University
www.igntu.ac.in,edu,Madhya Pradesh,Indira Gandhi National Tribal University
www.iiitdmj.ac.in,edu,Madhya Pradesh,IIITDM Jabalpur
www.iiitm.ac.in,edu,Madhya Pradesh,ABV-IIITM Gwalior
www.iiti.ac.in,edu,Madhya Pradesh,IIT Indore
www.manit.ac.in,edu,Madhya Pradesh,NIT Bhopal
aiimsnagpur.edu.in,edu,Maharashtra,AIIMS Nagpur
iiitn.ac.in,edu,Maharashtra,IIIT Nagpur
vnit.ac.in,edu,Maharashtra,NIT Nagpur
www.iiitp.ac.in,edu,Maharashtra,IIIT Pune
www.iitb.ac.in,edu,Maharashtra,IIT Bombay
cau.ac.in,edu,Manipur,Central Agricultural University
iiitmanipur.ac.in,edu,Manipur,IIIT Manipur
www.manipuruniv.ac.in,edu,Manipur,Manipur University
www.nitmanipur.ac.in,edu,Manipur,NIT Manipur
www.nsu.ac.in,edu,Manipur,National Sports University
www.nehu.ac.in,edu,Meghalaya,North Eastern Hill University
www.nitm.ac.in,edu,Meghalaya,NIT Meghalaya
mzu.edu.in,edu,Mizoram,Mizoram University
www.nitmz.ac.in,edu,Mizoram,NIT Mizoram
nagalanduniversity.ac.in,edu,Nagaland,Nagaland University
www.nitnagaland.ac.in,edu,Nagaland,NIT Nagaland
cuo.ac.in,edu,Odisha,Central University of Odisha
www.iitbbs.ac.in,edu,Odisha,IIT Bhubaneswar
www.nitrkl.ac.in,edu,Odisha,NIT Rourkela
www.nitpy.ac.in,edu,Puducherry,NIT Puducherry
www.pondiuni.edu.in,edu,Puducherry,Pondicherry University
aiimsbathinda.edu.in,edu,Punjab,AIIMS Bathinda
www.cup.edu.in,edu,Punjab,Central University of Punjab
www.iitrpr.ac.in,edu,Punjab,IIT Ropar
www.nitj.ac.in,edu,Punjab,NIT Jalandhar
aiimsjodhpur.edu.in,edu,Rajasthan,AIIMS Jodhpur
iiitkota.ac.in,edu,Rajasthan,IIIT Kota
mnit.ac.in,edu,Rajasthan,NIT Jaipur
www.curaj.ac.in,edu,Rajasthan,Central University of Rajasthan
www.iitj.ac.in,edu,Rajasthan,IIT Jodhpur
nitsikkim.ac.in,edu,Sikkim,NIT Sikkim
www.cus.ac.in,edu,Sikkim,Sikkim University
aiimsmadurai.edu.in,edu,Tamil Nadu,AIIMS Madurai
cutn.ac.in,edu,Tamil Nadu,Central University of Tamil Nadu
imu.edu.in,edu,Tamil Nadu,Indian Maritime University
www.iiitdm.ac.in,edu,Tamil Nadu,IIITDM Kancheepuram
www.iiitt.ac.in,edu,Tamil Nadu,IIIT Tiruchirappalli
www.iitm.ac.in,edu,Tamil Nadu,IIT Madras
aiimsbibinagar.edu.in,edu,Telangana,AIIMS Bibinagar
manuu.edu.in,edu,Telangana,Maulana Azad National Urdu University
ssctu.ac.in,edu,Telangana,Sammakka Sarakka Central Tribal University
uohyd.ac.in,edu,Telangana,University of Hyderabad
www.efluniversity.ac.in,edu,Telangana,English and Foreign Languages University
www.iith.ac.in,edu,Telangana,IIT Hyderabad
www.nitw.ac.in,edu,Telangana,NIT Warangal
iiitagartala.ac.in,edu,Tripura,IIIT Agartala
tripurauniv.ac.in,edu,Tripura,Tripura University
www.nita.ac.in,edu,Tripura,NIT Agartala
aiimsgorakhpur.edu.in,edu,Uttar Pradesh,AIIMS Gorakhpur
amu.ac.in,edu,Uttar Pradesh,Aligarh Muslim University
bhu.ac.in,edu,Uttar Pradesh,Banaras Hindu University
iiita.ac.in,edu,Uttar Pradesh,IIIT Allahabad
rgnau.ac.in,edu,Uttar Pradesh,Rajiv Gandhi National Aviation University
www.aiimsrbl.edu.in,edu,Uttar Pradesh,AIIMS Raebareli
www.allduniv.ac.in,edu,Uttar Pradesh,University of Allahabad
www.bbau.ac.in,edu,Uttar Pradesh,Babasaheb Bhimrao Ambedkar University
www.iiitl.ac.in,edu,Uttar Pradesh,IIIT Lucknow
www.iitbhu.ac.in,edu,Uttar Pradesh,IIT (BHU) Varanasi
www.iitk.ac.in,edu,Uttar Pradesh,IIT Kanpur
www.mnnit.ac.in,edu,Uttar Pradesh,NIT Allahabad
www.rlbcau.ac.in,edu,Uttar Pradesh,Rani Lakshmi Bai Central Agricultural University
aiimsrishikesh.edu.in,edu,Uttarakhand,AIIMS Rishikesh
hnbgu.ac.in,edu,Uttarakhand,Hemwati Nandan Bahuguna Garhwal University
nituk.ac.in,edu,Uttarakhand,NIT Uttarakhand
www.iitr.ac.in,edu,Uttarakhand,IIT Roorkee
aiimskalyani.edu.in,edu,West Bengal,AIIMS Kalyani
iiitkalyani.ac.in,edu,West Bengal,IIIT Kalyani
nitdgp.ac.in,edu,West Bengal,NIT Durgapur
visvabharati.ac.in,edu,West Bengal,Visva-Bharati University
www.iiests.ac.in,edu,West Bengal,IIEST Shibpur
www.iitkgp.ac.in,edu,West Bengal,IIT Kharagpur
andamannicobar.gov.in,gov,Andaman and Nicobar Islands,Government of Andaman and Nicobar Islands
ap.gov.in,gov,Andhra Pradesh,Government of Andhra Pradesh
arunachalpradesh.gov.in,gov,Arunachal Pradesh,Government of Arunachal Pradesh
assam.gov.in,gov,Assam,Government of Assam
state.bihar.gov.in,gov,Bihar,Government of Bihar
chandigarh.gov.in,gov,Chandigarh,Government of Chandigarh
cgstate.gov.in,gov,Chhattisgarh,Government of Chhattisgarh
ddd.gov.in,gov,Dadra and Nagar Haveli and Daman and Diu,Government of Dadra and Nagar Haveli and Daman and Diu
delhi.gov.in,gov,Delhi,Government of Delhi
www.sanskrit.nic.in,gov,Delhi,Central Sanskrit University
goa.gov.in,gov,Goa,Government of Goa
gujaratindia.gov.in,gov,Gujarat,Government of Gujarat
haryana.gov.in,gov,Haryana,Government of Haryana
himachal.gov.in,gov,Himachal Pradesh,Government of Himachal Pradesh
www.jk.gov.in,gov,Jammu and Kashmir,Government of Jammu and Kashmir
jharkhand.gov.in,gov,Jharkhand,Government of Jharkhand
kerala.gov.in,gov,Kerala,Government of Kerala
ladakh.gov.in,gov,Ladakh,Government of Ladakh
lakshadweep.gov.in,gov,Lakshadweep,Government of Lakshadweep
mp.gov.in,gov,Madhya Pradesh,Government of Madhya Pradesh
maharashtra.gov.in,gov,Maharashtra,Government of Maharashtra
manipur.gov.in,gov,Manipur,Government of Manipur
meghalaya.gov.in,gov,Meghalaya,Government of Meghalaya
mizoram.gov.in,gov,Mizoram,Government of Mizoram
nagaland.gov.in,gov,Nagaland,Government of Nagaland
aiimsbhubaneswar.nic.in,gov,Odisha,AIIMS Bhubaneswar
odisha.gov.in,gov,Odisha,Government of Odisha
py.gov.in,gov,Puducherry,Government of Puducherry
punjab.gov.in,gov,Punjab,Government of Punjab
rajasthan.gov.in,gov,Rajasthan,Government of Rajasthan
www.sikkim.gov.in,gov,Sikkim,Government of Sikkim
tn.gov.in,gov,Tamil Nadu,Government of Tamil Nadu
telangana.gov.in,gov,Telangana,Government of Telangana
tripura.gov.in,gov,Tripura,Government of Tripura
up.gov.in,gov,Uttar Pradesh,Government of Uttar Pradesh
uk.gov.in,gov,Uttarakhand,Government of Uttarakhand
wb.gov.in,gov,West Bengal,Government of West Bengal
maharashtra.gov.in,reported_2026,Maharashtra,Government of Maharashtra
